Workbook

Sheet Sheet1
B2: Sector | C2: Inversion (MDP) | E2: Empleados Generados
B3: AGRICULTURA | C3: 100 | E3: =FLOOR(Modelos!G2,1) -> 94
B4: GANADERIA | C4: 0 | E4: =FLOOR(Modelos!G3,1) -> 0
B5: SILVICULTURA | C5: 0 | E5: =FLOOR(Modelos!G4,1) -> -1
B6: PESCA | C6: 0 | E6: =FLOOR(Modelos!G5,1) -> -1
B7: CAZA | C7: 0 | E7: =FLOOR(Modelos!G6,1) -> 0
B8: EXTRACCION BENEF. DE CARBON MINERAL GRAFITO EXCEPT | C8: 0 | E8: =FLOOR(Modelos!G7,1) -> -1
B9: EXPLORACION Y EXTRACCION DE PETROLEO CRUDO Y GAS N | C9: 0 | E9: =FLOOR(Modelos!G8,1) -> 0
B10: EXTRACCION Y BENEFICIO DE MINERALES METALICOS | C10: 0 | E10: =FLOOR(Modelos!G9,1) -> 0
B11: ELABORACION DE ALIMENTOS | C11: 0 | E11: =FLOOR(Modelos!G10,1) -> -1
B12: ELABORACION DE BEBIDAS | C12: 0 | E12: =FLOOR(Modelos!G11,1) -> -1
B13: BENEFICIO Y/O FABRICACION DE PRODUCTOS DE TABACO | C13: 0 | E13: =FLOOR(Modelos!G12,1) -> 0
B14: INDUSTRIA TEXTIL | C14: 0 | E14: =FLOOR(Modelos!G13,1) -> -1
... B63: SERV. DE ORGANIZACIONES INTERNACIONALES Y EXTRATER | C63: 0 | E63: =FLOOR(Modelos!G62,1) -> -1

Sheet Coeficientes
B1: AGRICULTURA | C1: GANADERIA | D1: SILVICULTURA | E1: PESCA | F1: CAZA | G1: EXTRACCION BENEF. DE CARBON MINERAL GRAFITO EXCEPT | H1: EXPLORACION Y EXTRACCION DE PETROLEO CRUDO Y GAS N | I1: EXTRACCION Y BENEFICIO DE MINERALES METALICOS | J1: ELABORACION DE ALIMENTOS | K1: ELABORACION DE BEBIDAS | L1: BENEFICIO Y/O FABRICACION DE PRODUCTOS DE TABACO | M1: INDUSTRIA TEXTIL | N1: CONFEC.PRENDAS VESTIR,OTROS ARTS.BASE TEXTILES Y M | O1: FABRICACION DE CALZADO E INDUSTRIA DEL CUERO | P1: INDUST.Y PRODUCTOS DE MADERA Y CORCHO;EXCEPTO MUEB | Q1: FAB.Y/O REP.MUEBLES MADERA Y SUS PARTES;EXC.METAL | R1: INDUSTRIA DE PAPEL | S1: INDUSTRIAS EDITORIAL, DE IMPRESION Y CONEXAS | T1: INDUSTRIA QUIMICA | U1: REFINACION DEL PETROLEO Y DERIVADOS DEL CARBON MIN | V1: FABRICACION DE PRODUCTOS DE HULE Y PLASTICO | W1: FAB.DE PROD.DE MINERALES NO METALICOS;EXCEPTO PETR | X1: INDUSTRIAS METALICAS BASICAS | Y1: FAB. DE PRODS. METALICOS; EXCEPTO MAQUINARIA Y EQU | Z1: FAB. ENSAMBLE Y REP. DE MAQUINARIA,EQUIPO Y SUS PA | AA1: FAB.Y ENSAMBLE DE MAQUINARIA,EQUIPOS,APARATOS,Y AC | AB1: CONSTRUCCION, RECONSTRUC.Y ENSAMBLE DE EQUIPO TRAN | AC1: OTRAS INDUSTRIAS MANUFACTURERAS | AD1: CONSTRUCCION DE EDIFICACIONES Y DE OBRAS DE ING. C | AE1: TRABAJOS REALIZADOS POR CONTRATISTAS ESPECIALIZADO | AF1: GENERACION, TRANSMISION Y DISTRIBUCION DE ENERGIA | AG1: CAPTACION Y SUMINISTRO DE AGUA POTABLE Y TRATADA | AH1: COMPRAVENTA DE ALIMENTOS, BEBIDAS Y PROD. DEL TABA | AI1: COMPRAVENTA DE PRENDAS DE VESTIR Y ART. DE USO PER | AJ1: COMPRAVENTA DE ARTICULOS PARA EL HOGAR | AK1: COMPRAVENTA EN TIENDAS DE AUTOSERVICIO Y DEPTOS. E | AL1: COMPRAVENTA DE GASES, COMBUSTIBLES Y LUBRICANTES | AM1: COMPRAVENTA DE MATERIAS PRIMAS, MATERIALES Y AUXIL | AN1: COMPRAVENTA DE MAQ. EQUIPO, INSTR. APARATOS, HERRA | AO1: COMPRAVENTA DE EQ. DE TRANSPORTE;SUS REFACC. Y ACC | AP1: COMPRAVENTA DE INMUEBLES Y ARTICULOS DIVERSOS | AQ1: TRANSPORTE TERRESTRE | AR1: TRANSPORTE POR AGUA | AS1: TRANSPORTE AEREO | AT1: SERVICIOS CONEXOS AL TRANSPORTE | AU1: SERVICIOS RELACIONADOS CON EL TRANSPORTE EN GENERA | AV1: COMUNICACIONES | AW1: SERV. FINANC. Y DE SEGUROS (BANCOS, FINANCIERAS, C | AX1: SERVS. COLATERALES A INST. FINANCIERAS Y DE SEGURO | AY1: SERVICIOS RELACIONADOS CON INMUEBLES | AZ1: SERVICIOS PROFESIONALES Y TECNICOS | BA1: SERVICIOS DE ALQUILER; EXCEPTO DE INMUEBLES | BB1: SERVICIOS DE ALOJAMIENTO TEMPORAL | BC1: PREPARACION Y SERVICIO DE ALIMENTOS Y BEBIDAS | BD1: SERVICIOS RECREATIVOS Y DE ESPARCIMIENTO | BE1: SERVICIOS PERSONALES PARA EL HOGAR Y DIVERSOS | BF1: SERVS.DE ENSENANZA,INVEST.CIENT.Y DIFUSION CULTURA | BG1: SERVICIOS MEDICOS,ASISTENCIA SOCIAL Y VETERINARIOS | BH1: AGRUP.MERC.,PROF.CIVICAS,POLITICAS,LABOR Y RELIG. | BI1: SERVICIOS DE ADMINISTRACION PUBLICA Y SEGURIDAD SO | BJ1: SERV. DE ORGANIZACIONES INTERNACIONALES Y EXTRATER
A2: AGRICULTURA | B2: 0.98409634 | C2: 2.8252822e-06 | D2: -6.2509888e-05 | E2: -5.0017816e-05 | F2: 0.010156515 | G2: -0.00013434257 | H2: 0.0051371044 | I2: 4.9783041e-05 | J2: -7.5579312e-07 | K2: -1.4481193e-06 | L2: 2.4589678e-05 | M2: -1.0652383e-05 | N2: 5.4796737e-07 | O2: -3.1548251e-07 | P2: 1.7743977e-05 | Q2: -1.952997e-06 | R2: 3.9182138e-06 | S2: -5.2370715e-06 | T2: 2.2688563e-06 | U2: -8.7863229e-06 | V2: -3.6091814e-07 | W2: -3.3970079e-06 | X2: 5.214825e-06 | Y2: 2.907621e-07 | Z2: 7.4900627e-07 | AA2: -7.1219775e-07 | AB2: 3.7918311e-06 | AC2: -7.3122781e-06 | AD2: 1.5444498e-07 | AE2: 1.750756e-06 | AF2: -2.0045697e-05 | AG2: 5.5212304e-06 | AH2: 6.6339392e-07 | AI2: 1.6041551e-07 | AJ2: -1.5717403e-06 | AK2: 4.1785792e-07 | AL2: -6.1395476e-07 | AM2: 3.1040774e-07 | AN2: 9.283712e-07 | AO2: -5.0952789e-07 | AP2: 9.090842e-07 | AQ2: -9.4626158e-07 | AR2: -1.9360604e-05 | AS2: 1.4189785e-05 | AT2: -7.1852352e-05 | AU2: 5.0934035e-06 | AV2: -6.5624422e-07 | AW2: -3.4107839e-07 | AX2: 3.7679953e-06 | AY2: -7.5146985e-06 | AZ2: -4.3572519e-08 | BA2: 2.5173169e-07 | BB2: 1.6010046e-07 | BC2: 3.1581132e-07 | BD2: 2.6736213e-07 | BE2: -3.0459737e-07 | BF2: -2.3715672e-07 | BG2: 6.6382778e-07 | BH2: -1.4035073e-06 | BI2: -7.2578126e-08 | BJ2: -4.9521058e-05
A3: GANADERIA | B3: 9.2890133e-07 | C3: 0.99258298 | D3: -0.00014614379 | E3: 0.00014887222 | F3: 0.0033323433 | G3: -6.2448303e-05 | H3: 0.0035911422 | I3: -8.4952856e-07 | J3: -1.2514306e-07 | K3: -1.1032256e-08 | L3: -1.6510898e-05 | M3: -1.6503841e-06 | N3: 6.0317431e-07 | O3: -5.8526916e-07 | P3: 7.612879e-06 | Q3: -3.0416733e-07 | R3: 6.5677221e-07 | S3: -2.1505912e-06 | T3: 9.2647086e-07 | U3: -2.0214182e-06 | V3: -6.5450616e-08 | W3: -1.4046413e-07 | X3: 2.9937256e-06 | Y3: -1.9990554e-07 | Z3: 3.9859821e-08 | AA3: -8.6118021e-08 | AB3: 1.2526883e-06 | AC3: -2.3610008e-06 | AD3: 4.9695884e-09 | AE3: 4.7209075e-07 | AF3: -7.9439248e-06 | AG3: 1.7947095e-06 | AH3: 3.4877147e-07 | AI3: -1.1919466e-07 | AJ3: 2.4637347e-07 | AK3: -3.7862098e-08 | AL3: -5.9187094e-08 | AM3: 1.7598969e-07 | AN3: 5.328499e-07 | AO3: -5.79725e-07 | AP3: 4.4190806e-08 | AQ3: -2.4728305e-07 | AR3: -5.229714e-06 | AS3: 2.2302934e-06 | AT3: -1.8603143e-05 | AU3: 2.1870688e-06 | AV3: -7.6801981e-07 | AW3: -9.4998872e-07 | AX3: 2.2217538e-06 | AY3: -5.4819344e-07 | AZ3: -7.2028196e-08 | BA3: 2.8369576e-06 | BB3: -2.1875771e-07 | BC3: -6.7880331e-08 | BD3: -1.8819218e-07 | BE3: -6.1631712e-08 | BF3: -1.6293184e-07 | BG3: 7.3997077e-07 | BH3: -3.8529149e-06 | BI3: 5.2918547e-08 | BJ3: -4.0397786e-05
A4: SILVICULTURA | B4: -5.4744931e-08 | C4: -1.2417218e-06 | D4: 0.99227361 | E4: -0.00025500766 | F4: 0.0024827659 | G4: 3.4131542e-05 | H4: -0.0047185421 | I4: 7.0703966e-05 | J4: -7.2129061e-07 | K4: -7.308376e-07 | L4: 3.0084588e-05 | M4: -1.3710034e-06 | N4: -5.1398847e-07 | O4: 5.4216435e-07 | P4: -1.3464021e-06 | Q4: -8.0193326e-07 | R4: 1.5178004e-06 | S4: -1.900324e-07 | T4: 3.2541569e-08 | U4: 5.9362386e-06 | V4: -3.2195237e-07 | W4: -1.227113e-06 | X4: -5.0766539e-06 | Y4: 7.8442396e-07 | Z4: 8.4014418e-07 | AA4: -5.4650479e-07 | AB4: 6.221955e-07 | AC4: -1.4063511e-06 | AD4: 1.4376481e-07 | AE4: 3.6652999e-07 | AF4: -1.1801255e-06 | AG4: 9.6709614e-07 | AH4: -3.7462853e-08 | AI4: 3.177513e-07 | AJ4: -1.8296308e-06 | AK4: 5.1586888e-07 | AL4: -5.4964878e-07 | AM4: -1.4003971e-08 | AN4: -2.8488418e-07 | AO4: 4.9234697e-07 | AP4: 7.8619225e-08 | AQ4: -1.5934555e-07 | AR4: 7.8126315e-06 | AS4: 5.6269256e-06 | AT4: -1.6215409e-05 | AU4: -3.2507068e-07 | AV4: 1.0324137e-06 | AW4: 1.4670571e-06 | AX4: -9.1671181e-07 | AY4: -8.3880676e-06 | AZ4: 1.2067472e-07 | BA4: -2.413019e-06 | BB4: 6.4228012e-07 | BC4: 2.048886e-07 | BD4: 7.1100223e-07 | BE4: -1.4991949e-07 | BF4: 2.7772207e-08 | BG4: -8.5498919e-07 | BH4: 6.0353149e-06 | BI4: -1.5398033e-07 | BJ4: 4.9289948e-05
A5: PESCA | B5: -4.8709394e-08 | C5: 4.9961061e-06 | D5: -0.00057131889 | E5: 0.97702645 | F5: 0.014302057 | G5: -6.0965257e-05 | H5: 0.0057525392 | I5: -0.00036732431 | J5: 5.5083945e-06 | K5: 5.1257838e-06 | L5: -0.00016427884 | M5: 5.5239676e-06 | N5: -4.1396965e-06 | O5: -1.0024892e-05 | P5: 5.7366676e-05 | Q5: 3.5605209e-06 | R5: -1.0650882e-05 | S5: 3.7616992e-06 | T5: -1.294995e-06 | U5: 1.0903014e-05 | V5: 4.1517935e-07 | W5: 1.312196e-05 | X5: 3.4792669e-05 | Y5: -7.0653454e-06 | Z5: 4.0530876e-06 | AA5: -2.2060343e-07 | AB5: -1.0270146e-05 | AC5: 1.9376055e-05 | AD5: -1.3087176e-06 | AE5: -1.2818009e-06 | AF5: 4.3747517e-05 | AG5: -5.2450849e-06 | AH5: -8.2700145e-07 | AI5: -2.1938315e-06 | AJ5: 1.1290128e-05 | AK5: -3.0401008e-06 | AL5: 5.9049727e-06 | AM5: -1.0459361e-06 | AN5: -2.2151225e-06 | AO5: 1.7205166e-06 | AP5: 1.0207528e-05 | AQ5: -6.2418105e-07 | AR5: -0.00073261392 | AS5: 7.3141381e-05 | AT5: 8.2081612e-05 | AU5: 3.5842971e-06 | AV5: -1.8823418e-05 | AW5: 4.3708296e-06 | AX5: -1.36953e-05 | AY5: 5.1920768e-05 | AZ5: -1.1075184e-06 | BA5: 6.7753965e-06 | BB5: -2.7581504e-06 | BC5: -1.6953498e-06 | BD5: -2.766661e-06 | BE5: 2.416916e-06 | BF5: -3.224453e-07 | BG5: 7.0974132e-06 | BH5: -3.1097625e-05 | BI5: 6.0746056e-07 | BJ5: 0.00041531519
A6: CAZA | B6: 6.3575972e-06 | C6: -1.2219252e-05 | D6: -0.00031060158 | E6: 0.00057891187 | F6: 0.98259553 | G6: -0.00013164021 | H6: 0.014814356 | I6: 1.8959454e-05 | J6: 1.1525015e-06 | K6: -6.1416403e-06 | L6: 8.0888762e-05 | M6: -4.4651334e-05 | N6: 2.8808406e-06 | O6: -3.1760089e-06 | P6: 8.0639233e-05 | Q6: -7.5358881e-06 | R6: 1.3806567e-05 | S6: -1.5820526e-05 | T6: 7.2822135e-06 | U6: -9.1586053e-05 | V6: 5.3896729e-07 | W6: -1.8060541e-05 | X6: 3.6061091e-05 | Y6: 3.3298483e-07 | Z6: -1.5760646e-06 | AA6: -1.0977469e-06 | AB6: 1.2528729e-05 | AC6: -2.019085e-05 | AD6: 2.4861551e-07 | AE6: 5.4354435e-06 | AF6: -7.086797e-05 | AG6: 2.3992622e-05 | AH6: 1.888891e-06 | AI6: 5.4772697e-07 | AJ6: -5.2001633e-06 | AK6: 7.0129125e-08 | AL6: -1.8199216e-07 | AM6: 1.7460356e-06 | AN6: 3.4666463e-06 | AO6: -3.4531279e-06 | AP6: 3.3577517e-06 | AQ6: -2.4207193e-06 | AR6: 0.00025776711 | AS6: -1.354563e-05 | AT6: -0.00033676488 | AU6: 2.7881516e-05 | AV6: -9.378318e-06 | AW6: -6.0882022e-06 | AX6: 1.703952e-05 | AY6: 7.8933476e-06 | AZ6: -4.3593571e-07 | BA6: 1.3797634e-07 | BB6: -9.728356e-07 | BC6: 1.1948058e-06 | BD6: -1.160653e-06 | BE6: -5.8888114e-07 | BF6: -7.5452842e-07 | BG6: 3.1221076e-06 | BH6: -2.1786172e-05 | BI6: 0 | BJ6: 0.00025608225
A7: EXTRACCION BENEF. DE CARBON MINERAL GRAFITO EXCEPT | B7: 7.2318867e-08 | C7: -1.0985305e-08 | D7: -1.7952418e-05 | E7: 1.6266317e-05 | F7: -5.95067e-05 | G7: 0.99906237 | H7: -0.00072965816 | I7: 1.0000215e-05 | J7: -5.6661171e-08 | K7: 2.6711496e-07 | L7: -2.1751844e-05 | M7: 2.8929255e-06 | N7: -2.6820188e-07 | O7: 3.7339257e-08 | P7: 1.4823487e-06 | Q7: -9.9690562e-08 | R7: 1.0166569e-08 | S7: -9.4301738e-07 | T7: 2.5320026e-07 | U7: 1.3538952e-05 | V7: -3.3338732e-07 | W7: 1.0013741e-06 | X7: 3.9699226e-07 | Y7: -2.1587127e-07 | Z7: 5.1282627e-07 | AA7: -1.2569855e-07 | AB7: 3.0948274e-08 | AC7: -1.8704517e-07 | AD7: -2.9740112e-08 | AE7: -4.0650245e-09 | AF7: -8.3793332e-07 | AG7: 3.4636017e-07 | AH7: 1.0358291e-07 | AI7: -6.9209165e-08 | AJ7: 2.5300822e-07 | AK7: -9.5025177e-08 | AL7: 1.0891434e-07 | AM7: 2.3239658e-08 | AN7: 8.9361234e-08 | AO7: 3.1627306e-08 | AP7: 2.8426279e-08 | AQ7: -1.3448295e-07 | AR7: -1.4062543e-05 | AS7: 4.7905589e-06 | AT7: -3.9122369e-06 | AU7: 5.284914e-07 | AV7: -1.2014572e-06 | AW7: 5.4849479e-07 | AX7: -9.3224484e-07 | AY7: -8.7892118e-07 | AZ7: -3.1622521e-08 | BA7: 9.9317072e-07 | BB7: 1.0573915e-07 | BC7: -4.5029966e-08 | BD7: 3.2291238e-08 | BE7: -6.502702e-08 | BF7: -2.8772453e-08 | BG7: 3.8783697e-07 | BH7: -1.0001232e-06 | BI7: -2.8988497e-09 | BJ7: -2.8051567e-05
A8: EXPLORACION Y EXTRACCION DE PETROLEO CRUDO Y GAS N | B8: 4.655128e-06 | C8: -6.01803e-06 | D8: -0.00061292495 | E8: 0.00076895261 | F8: 0.015201349 | G8: -0.00029701597 | H8: 0.98060941 | I8: -0.00016390378 | J8: 4.1069936e-06 | K8: -3.7694336e-08 | L8: 0.00038276845 | M8: -0.00010661596 | N8: 8.7590071e-06 | O8: -5.9233283e-06 | P8: 4.4280648e-05 | Q8: 2.2758972e-06 | R8: 8.7454406e-06 | S8: -5.0166861e-06 | T8: 1.6138895e-06 | U8: -0.0003190216 | V8: 9.6182733e-06 | W8: -1.7281284e-05 | X8: 2.0894344e-05 | Y8: -5.9095866e-07 | Z8: -3.5154612e-06 | AA8: 5.293095e-06 | AB8: -5.3877467e-06 | AC8: -1.0648664e-05 | AD8: 3.6511728e-07 | AE8: 2.8826174e-06 | AF8: -1.207407e-05 | AG8: -2.9497371e-05 | AH8: 9.1305528e-07 | AI8: -8.3061118e-07 | AJ8: 9.1559479e-06 | AK8: -1.4131376e-06 | AL8: -1.4926659e-06 | AM8: -4.0901659e-07 | AN8: 4.3155079e-06 | AO8: -2.4372268e-06 | AP8: -1.2661231e-06 | AQ8: -3.159608e-07 | AR8: 0.00065802688 | AS8: -0.00011353346 | AT8: 7.0148389e-05 | AU8: -5.6280911e-06 | AV8: 1.1936689e-06 | AW8: -8.1127225e-06 | AX8: 9.7191591e-06 | AY8: 3.5489174e-05 | AZ8: 0 | BA8: 2.2059239e-05 | BB8: -6.2887951e-06 | BC8: -6.9618964e-09 | BD8: -1.9624428e-07 | BE8: -2.2462683e-06 | BF8: 1.5579548e-06 | BG8: -1.7249506e-06 | BH8: -6.4125086e-06 | BI8: 2.5781537e-07 | BJ8: -0.00036340845
A9: EXTRACCION Y BENEFICIO DE MINERALES METALICOS | B9: 1.1246188e-06 | C9: -4.0966835e-06 | D9: 0.00020256686 | E9: -0.0012673031 | F9: 0.0092376346 | G9: 8.0296639e-05 | H9: -0.015457848 | I9: 0.9727954 | J9: 1.9024068e-06 | K9: -2.9368192e-06 | L9: 7.7382336e-05 | M9: -5.9743066e-06 | N9: -6.2344041e-07 | O9: 1.4126031e-07 | P9: 6.8349778e-06 | Q9: -1.5410214e-06 | R9: 5.5534198e-06 | S9: -5.005582e-06 | T9: 2.5231383e-06 | U9: 2.1796035e-05 | V9: -2.1447581e-06 | W9: -1.7386091e-06 | X9: -1.4971074e-05 | Y9: 2.182968e-06 | Z9: 5.2672638e-06 | AA9: -3.2272686e-06 | AB9: 7.8836808e-06 | AC9: -1.7576436e-05 | AD9: 9.5792831e-07 | AE9: 2.7970098e-06 | AF9: -2.5400603e-05 | AG9: 7.3367416e-06 | AH9: 7.857361e-07 | AI9: 8.5183151e-07 | AJ9: -5.5319825e-06 | AK9: 3.0531312e-06 | AL9: -3.3008223e-06 | AM9: -4.492462e-07 | AN9: -2.8042134e-07 | AO9: 9.372662e-07 | AP9: 1.0384713e-06 | AQ9: -1.3442024e-06 | AR9: -0.00046287457 | AS9: 6.8725831e-05 | AT9: 1.8955885e-05 | AU9: -2.7510986e-06 | AV9: 1.0554263e-05 | AW9: 1.4852545e-06 | AX9: 9.0908319e-06 | AY9: -5.1188841e-05 | AZ9: 4.227802e-07 | BA9: -3.1672831e-06 | BB9: 1.7321478e-06 | BC9: 3.7590522e-07 | BD9: 3.0165801e-06 | BE9: -3.6527053e-07 | BF9: -7.7123117e-07 | BG9: -7.2729104e-07 | BH9: 1.9986243e-05 | BI9: -5.66993e-07 | BJ9: 5.5704117e-05
A10: ELABORACION DE ALIMENTOS | B10: 1.198356e-06 | C10: -2.4392632e-06 | D10: -4.1169692e-05 | E10: 2.1991414e-05 | F10: 0.0055710654 | G10: -8.2225658e-05 | H10: 0.00092209458 | I10: 3.1302106e-05 | J10: 0.99318793 | K10: -1.8761156e-06 | L10: 1.7751064e-06 | M10: -4.3438247e-06 | N10: 1.0873188e-07 | O10: -5.0959531e-07 | P10: 1.2394491e-05 | Q10: -1.1733703e-06 | R10: 2.162804e-06 | S10: -3.0076106e-06 | T10: 1.2483233e-06 | U10: 4.4090043e-08 | V10: -3.1068767e-07 | W10: -1.6068293e-06 | X10: 3.4020328e-06 | Y10: 4.7910034e-08 | Z10: 6.6720997e-07 | AA10: -4.7686091e-07 | AB10: 1.9347161e-06 | AC10: -3.6757727e-06 | AD10: 6.968047e-08 | AE10: 8.9662846e-07 | AF10: -1.0570759e-05 | AG10: 3.4955875e-06 | AH10: 3.6126339e-07 | AI10: 7.2721256e-08 | AJ10: -8.581669e-07 | AK10: 1.508129e-07 | AL10: -1.6593942e-07 | AM10: 2.0379434e-07 | AN10: 4.3853502e-07 | AO10: -2.6899198e-07 | AP10: 5.7161399e-07 | AQ10: -5.1237926e-07 | AR10: -5.5193403e-06 | AS10: 7.1014611e-06 | AT10: -4.5081934e-05 | AU10: 3.6003444e-06 | AV10: -1.4886954e-06 | AW10: 1.8993251e-08 | AX10: 1.5352062e-06 | AY10: -3.3953334e-06 | AZ10: -4.4924148e-08 | BA10: 6.1413129e-07 | BB10: 9.9640459e-08 | BC10: 1.3620813e-07 | BD10: 1.4653545e-07 | BE10: -1.5074541e-07 | BF10: -1.5878282e-07 | BG10: 5.8355649e-07 | BH10: -1.7731728e-06 | BI10: -2.7308542e-08 | BJ10: -7.7027408e-06
A11: ELABORACION DE BEBIDAS | B11: 7.8317586e-07 | C11: -9.3333495e-07 | D11: -8.2651675e-05 | E11: 0.00017600213 | F11: 0.0020688381 | G11: -5.1701539e-05 | H11: 0.0015459155 | I11: -8.1584365e-06 | J11: 1.7228147e-07 | K11: 0.99584918 | L11: -4.5678082e-05 | M11: 4.1611693e-06 | N11: -2.9983143e-07 | O11: -9.9186739e-07 | P11: 1.2901854e-05 | Q11: -7.3532092e-07 | R11: 7.2057361e-07 | S11: -3.2430612e-06 | T11: 1.0288117e-06 | U11: 2.5317563e-05 | V11: -6.3375445e-07 | W11: 1.7560324e-06 | X11: 3.013726e-06 | Y11: -6.0760306e-07 | Z11: 1.3349864e-06 | AA11: -3.7446696e-07 | AB11: 2.4246535e-07 | AC11: -8.4785177e-07 | AD11: -9.8099265e-08 | AE11: 3.0481305e-07 | AF11: -4.9921122e-06 | AG11: 1.90214e-06 | AH11: 3.8662238e-07 | AI11: -2.1271038e-07 | AJ11: 5.542574e-07 | AK11: -3.4552013e-07 | AL11: 3.9994865e-07 | AM11: 2.3753218e-07 | AN11: 3.7052529e-07 | AO11: -1.7847017e-07 | AP11: 2.5015181e-07 | AQ11: -4.1780834e-07 | AR11: 8.1148721e-06 | AS11: 8.5312001e-06 | AT11: -3.5809607e-05 | AU11: 3.564133e-06 | AV11: -4.7331854e-06 | AW11: 1.1069397e-06 | AX11: -1.9473856e-06 | AY11: -9.5480787e-08 | AZ11: -1.3423173e-07 | BA11: 4.2980436e-06 | BB11: 7.2080386e-08 | BC11: -1.6286735e-07 | BD11: 7.8970898e-10 | BE11: -1.5947617e-07 | BF11: -1.3605282e-07 | BG11: 1.2949438e-06 | BH11: -5.2638778e-06 | BI11: 3.0421543e-08 | BJ11: -2.566494e-05
A12: BENEFICIO Y/O FABRICACION DE PRODUCTOS DE TABACO | B12: 1.3412549e-06 | C12: -3.8070207e-06 | D12: 3.9297434e-05 | E12: -0.00022125754 | F12: 0.0075321567 | G12: -8.5926104e-05 | H12: 0.014781815 | I12: -3.7421054e-06 | J12: -1.0105219e-06 | K12: -2.8771508e-06 | L12: 0.97701589 | M12: 1.5808392e-06 | N12: 2.475736e-06 | O12: 1.5077443e-06 | P12: -5.1146089e-06 | Q12: -5.7294268e-07 | R12: 3.4770127e-06 | S12: 5.849486e-07 | T12: 8.1257556e-07 | U12: -0.00010412638 | V12: 1.9235324e-06 | W12: -9.3921475e-06 | X12: 4.0332437e-06 | Y12: 1.4483276e-06 | Z12: -3.2485541e-06 | AA12: 5.4850041e-07 | AB12: 4.0126077e-06 | AC12: -7.3827132e-06 | AD12: 3.7733486e-07 | AE12: 1.7843527e-06 | AF12: -1.5814628e-05 | AG12: 1.448077e-06 | AH12: -1.6390845e-08 | AI12: 5.5376243e-07 | AJ12: -2.3303934e-06 | AK12: 1.1859235e-06 | AL12: -1.7330773e-06 | AM12: -1.5025203e-07 | AN12: 7.1438119e-07 | AO12: -5.7571878e-07 | AP12: -1.0240654e-07 | AQ12: -5.9116213e-08 | AR12: -4.4343577e-05 | AS12: -4.1496789e-06 | AT12: -4.9874713e-06 | AU12: -2.0877925e-06 | AV12: 1.1015418e-05 | AW12: -4.2940688e-06 | AX12: 1.1270237e-05 | AY12: -4.1014e-06 | AZ12: 2.1391596e-07 | BA12: -8.7420797e-06 | BB12: -6.4911829e-07 | BC12: 7.5864463e-07 | BD12: -1.5661853e-07 | BE12: 1.0848966e-07 | BF12: 4.4211419e-09 | BG12: -2.0310779e-06 | BH12: 8.0676116e-06 | BI12: -8.7321631e-08 | BJ12: -2.4720347e-05
A13: INDUSTRIA TEXTIL | B13: -2.8380648e-07 | C13: 5.5228568e-07 | D13: 1.9289333e-05 | E13: -9.5718307e-05 | F13: -0.00069611541 | G13: 2.9838088e-05 | H13: -0.0051653771 | I13: 2.4303762e-05 | J13: -6.8046638e-10 | K13: 4.4932829e-07 | L13: -3.2922056e-05 | M13: 0.99381646 | N13: 2.2926534e-06 | O13: 3.1919648e-07 | P13: -1.4487052e-06 | Q13: -6.9719381e-08 | R13: -5.0492205e-07 | S13: -5.5085271e-07 | T13: -3.1813151e-08 | U13: 2.6312608e-05 | V13: -5.486871e-07 | W13: 1.4973304e-06 | X13: -1.685905e-06 | Y13: -7.7615462e-08 | Z13: 3.794634e-07 | AA13: -1.141691e-07 | AB13: -2.8826609e-07 | AC13: 9.2666113e-07 | AD13: -6.7109201e-08 | AE13: -2.8356621e-07 | AF13: 1.4045623e-06 | AG13: -4.2980993e-08 | AH13: 5.4275484e-08 | AI13: -5.9079574e-08 | AJ13: 1.763827e-07 | AK13: -1.954072e-07 | AL13: 2.2447962e-07 | AM13: 0 | AN13: 8.1231981e-08 | AO13: 2.3294969e-08 | AP13: 5.1953582e-08 | AQ13: -8.3081614e-08 | AR13: 2.8874755e-05 | AS13: 6.8574894e-08 | AT13: -4.5052671e-06 | AU13: 3.9242561e-07 | AV13: -1.6103645e-06 | AW13: 9.1452284e-07 | AX13: -2.1343083e-06 | AY13: -7.2986833e-07 | AZ13: -2.1879196e-08 | BA13: 9.7725904e-07 | BB13: 3.1100939e-07 | BC13: -5.9393146e-08 | BD13: -6.5321607e-08 | BE13: -3.9206202e-08 | BF13: -3.8085526e-09 | BG13: 2.2569195e-07 | BH13: -7.5480749e-07 | BI13: -2.8585931e-09 | BJ13: -3.7205611e-05
... A62: SERV. DE ORGANIZACIONES INTERNACIONALES Y EXTRATER | B62: 3.3435139e-07 | C62: -7.9647357e-07 | D62: 6.9080516e-06 | E62: 7.2701298e-05 | F62: 0.00065041744 | G62: -3.107201e-05 | H62: -9.7115796e-05 | I62: 2.824531e-05 | J62: -2.9586597e-07 | K62: -5.0023252e-07 | L62: 6.6586993e-06 | M62: -3.3814798e-06 | N62: -4.4731671e-07 | O62: -1.6640806e-06 | P62: 1.3056395e-05 | Q62: -4.2971527e-07 | R62: 1.1823769e-06 | S62: -6.8969948e-07 | T62: 4.2432299e-07 | U62: -6.1209984e-06 | V62: -1.4595926e-07 | W62: -3.3380045e-07 | X62: 1.3139347e-06 | Y62: -1.3455955e-07 | Z62: 1.7796932e-06 | AA62: -7.499789e-07 | AB62: 4.3839374e-07 | AC62: -1.9405473e-06 | AD62: 1.2285652e-07 | AE62: 5.9935862e-07 | AF62: -1.9928323e-06 | AG62: 1.9804074e-06 | AH62: 5.2255994e-08 | AI62: 6.9288613e-08 | AJ62: -6.701101e-07 | AK62: 3.7517681e-07 | AL62: -9.392926e-08 | AM62: -1.0652315e-07 | AN62: -3.5693127e-07 | AO62: 4.2199881e-07 | AP62: 9.5819388e-07 | AQ62: -2.5988472e-07 | AR62: -0.00012013098 | AS62: 1.5599556e-05 | AT62: -8.4554427e-06 | AU62: 1.4074181e-06 | AV62: -1.0147829e-06 | AW62: 7.871336e-07 | AX62: 5.5545391e-07 | AY62: -4.5984229e-06 | AZ62: -1.2474011e-08 | BA62: 3.2362873e-07 | BB62: 0 | BC62: -4.8137828e-08 | BD62: 6.2554398e-07 | BE62: 4.2099851e-08 | BF62: -1.6229106e-07 | BG62: 4.7011594e-07 | BH62: 7.8439591e-07 | BI62: -6.2905789e-08 | BJ62: 0.99890758

Sheet Modelos
A1: Sector | B1: Grupo | C1: Coeficiente | D1: Valor | E1: Coeficiente | F1: Estimacion Empleados | G1: Distribucion Empleados
A2: 0 | B2: AGRICULTURA | C2: 1.222731e-06 | D2: =Sheet1!C3*1000000 -> 100000000 | E2: 0.78843231 | F2: =IF(D2=0,0,C2*D2*E2) -> 96.404062 | G2: {=MMULT(TRANSPOSE(Coeficientes!B2:BJ62),Modelos!F2:F62)} -> 94.870885
A3: 0 | B3: GANADERIA | C3: 1.222731e-06 | D3: =Sheet1!C4*1000000 -> 0 | E3: 0.20285484 | F3: =IF(D3=0,0,C3*D3*E3) -> 0 | G3: 0.00027236868
A4: 0 | B4: SILVICULTURA | C4: 1.222731e-06 | D4: =Sheet1!C5*1000000 -> 0 | E4: 0.0041357489 | F4: =IF(D4=0,0,C4*D4*E4) -> 0 | G4: -0.0060262072
A5: 0 | B5: PESCA | C5: 1.222731e-06 | D5: =Sheet1!C6*1000000 -> 0 | E5: 0.0042174757 | F5: =IF(D5=0,0,C5*D5*E5) -> 0 | G5: -0.0048219207
A6: 0 | B6: CAZA | C6: 1.222731e-06 | D6: =Sheet1!C7*1000000 -> 0 | E6: 0.00035962753 | F6: =IF(D6=0,0,C6*D6*E6) -> 0 | G6: 0.97912928
A7: 1 | B7: EXTRACCION BENEF. DE CARBON MINERAL GRAFITO EXCEPT | C7: 1.071112e-06 | D7: =Sheet1!C8*1000000 -> 0 | E7: 0.51719993 | F7: =IF(D7=0,0,C7*D7*E7) -> 0 | G7: -0.01295117
A8: 1 | B8: EXPLORACION Y EXTRACCION DE PETROLEO CRUDO Y GAS N | C8: 1.071112e-06 | D8: =Sheet1!C9*1000000 -> 0 | E8: 0.0055577276 | F8: =IF(D8=0,0,C8*D8*E8) -> 0 | G8: 0.49523773
A9: 1 | B9: EXTRACCION Y BENEFICIO DE MINERALES METALICOS | C9: 1.071112e-06 | D9: =Sheet1!C10*1000000 -> 0 | E9: 0.47724235 | F9: =IF(D9=0,0,C9*D9*E9) -> 0 | G9: 0.0047992874
A10: 2 | B10: ELABORACION DE ALIMENTOS | C10: 1.1595e-05 | D10: =Sheet1!C11*1000000 -> 0 | E10: 0.48507644 | F10: =IF(D10=0,0,C10*D10*E10) -> 0 | G10: -7.2861527e-05
A11: 2 | B11: ELABORACION DE BEBIDAS | C11: 1.1595e-05 | D11: =Sheet1!C12*1000000 -> 0 | E11: 0.10643345 | F11: =IF(D11=0,0,C11*D11*E11) -> 0 | G11: -0.00013960459
A12: 2 | B12: BENEFICIO Y/O FABRICACION DE PRODUCTOS DE TABACO | C12: 1.1595e-05 | D12: =Sheet1!C13*1000000 -> 0 | E12: 0.0058744301 | F12: =IF(D12=0,0,C12*D12*E12) -> 0 | G12: 0.0023705449
A13: 2 | B13: INDUSTRIA TEXTIL | C13: 1.1595e-05 | D13: =Sheet1!C14*1000000 -> 0 | E13: 0.024072517 | F13: =IF(D13=0,0,C13*D13*E13) -> 0 | G13: -0.001026933
A14: 2 | B14: CONFEC.PRENDAS VESTIR,OTROS ARTS.BASE TEXTILES Y M | C14: 1.1595e-05 | D14: =Sheet1!C15*1000000 -> 0 | E14: 0.057897714 | F14: =IF(D14=0,0,C14*D14*E14) -> 0 | G14: 5.2826281e-05
... A62: 9 | B62: SERV. DE ORGANIZACIONES INTERNACIONALES Y EXTRATER | C62: 1.711159e-06 | D62: =Sheet1!C63*1000000 -> 0 | E62: 0.00050446081 | F62: =IF(D62=0,0,C62*D62*E62) -> 0 | G62: -0.0047740311
